"Name","TargetPaths"
"3x Osc.fst","Generators\Synths;Generators\Vendors\Image-Line"
"Autogun.fst","Generators\Synths;Generators\Vendors\Image-Line"
"BassDrum.fst","Generators\Vendors\Image-Line;Generators\Drums"
"BeepMap.fst","Generators\Miscellaneous"
"BooBass.fst","Generators\Synths;Generators\Vendors\Image-Line"
"Control Surface.fst","Effects\Utilities and Tools"
"Cymatics Origin.fst","Effects\Distortion and Character"
"Dashboard.fst","Generators\Utilities and Tools"
"DirectWave.fst","Generators\Vendors\Image-Line;Generators\Samplers"
"Distructor.fst","Effects\Vendors\Image-Line;Effects\Distortion and Character"
"Drumaxx.fst","Generators\Vendors\Image-Line;Generators\Drums"
"Drumpad.fst","Generators\Vendors\Image-Line;Generators\Drums"
"DSK Saxophones.fst","Generators\Vendors\DSK Music;Generators\Samplers"
"Edison.fst","Effects\Vendors\Image-Line;Effects\Utilities and Tools"
"Effector.fst","Effects\Miscellaneous"
"Emphasis.fst","Effects\Distortion and Character"
"Emphasizer.fst","Effects\Distortion and Character"
"EQUO.fst","Effects\Vendors\Image-Line;Effects\EQ and Filters"
"FL Keys.fst","Generators\Synths;Generators\Vendors\Image-Line"
"FL Slayer.fst","Generators\Synths;Generators\Vendors\Image-Line"
"FL Studio Mobile Rack FX.fst","Effects\Miscellaneous"
"FL Studio Mobile Rack.fst","Generators\Miscellaneous"
"FL Studio Mobile.fst","Generators\Miscellaneous"
"FL Studio VSTi (multi).fst","Generators\Miscellaneous"
"FL Studio VSTi.fst","Generators\Miscellaneous"
"FLEX.fst","Generators\Synths;Generators\Vendors\Image-Line"
"FPC.fst","Generators\Vendors\Image-Line;Generators\Drums"
"Frequency Shifter.fst","Effects\Modulation;Effects\Vendors\Image-Line"
"Frequency Splitter.fst","Effects\Vendors\Image-Line;Effects\EQ and Filters"
"Fruit Kick.fst","Generators\Vendors\Image-Line;Generators\Drums"
"Fruity 7 Band EQ.fst","Effects\Vendors\Image-Line;Effects\EQ and Filters"
"Fruity Balance.fst","Effects\Vendors\Image-Line;Effects\Utilities and Tools"
"Fruity Bass Boost.fst","Effects\Vendors\Image-Line;Effects\EQ and Filters"
"Fruity Big Clock.fst","Effects\Utilities and Tools"
"Fruity Blood Overdrive.fst","Effects\Vendors\Image-Line;Effects\Distortion and Character"
"Fruity Center.fst","Effects\Utilities and Tools"
"Fruity Chorus.fst","Effects\Modulation;Effects\Vendors\Image-Line"
"Fruity Compressor.fst","Effects\Vendors\Image-Line;Effects\Dynamics\Compressors"
"Fruity Convolver.fst","Effects\Vendors\Image-Line;Effects\Spatial\Reverb"
"Fruity Dance.fst","Generators\Miscellaneous"
"Fruity dB Meter.fst","Effects\Utilities and Tools"
"Fruity Delay 2.fst","Effects\Vendors\Image-Line;Effects\Spatial\Delay"
"Fruity Delay 3.fst","Effects\Vendors\Image-Line;Effects\Spatial\Delay"
"Fruity Delay Bank.fst","Effects\Vendors\Image-Line;Effects\Spatial\Delay"
"Fruity Delay.fst","Effects\Vendors\Image-Line;Effects\Spatial\Delay"
"Fruity DrumSynth Live.fst","Generators\Vendors\Image-Line;Generators\Drums"
"Fruity DX10.fst","Generators\Synths;Generators\Vendors\Image-Line"
"Fruity Envelope Controller.fst","Generators\Utilities and Tools"
"Fruity Fast Dist.fst","Effects\Vendors\Image-Line;Effects\Distortion and Character"
"Fruity Fast LP.fst","Effects\Vendors\Image-Line;Effects\EQ and Filters"
"Fruity Filter.fst","Effects\Vendors\Image-Line;Effects\EQ and Filters"
"Fruity Flanger.fst","Effects\Modulation;Effects\Vendors\Image-Line"
"Fruity Flangus.fst","Effects\Modulation;Effects\Vendors\Image-Line"
"Fruity Formula Controller.fst","Effects\Utilities and Tools"
"Fruity Free Filter.fst","Effects\Vendors\Image-Line;Effects\EQ and Filters"
"Fruity Granulizer.fst","Generators\Vendors\Image-Line;Generators\Samplers"
"Fruity HTML NoteBook.fst","Effects\Utilities and Tools"
"Fruity Keyboard Controller.fst","Generators\Utilities and Tools"
"Fruity Limiter.fst","Effects\Vendors\Image-Line;Effects\Dynamics\Limiters"
"Fruity Love Philter.fst","Effects\Vendors\Image-Line;Effects\EQ and Filters"
"Fruity LSD.fst","Effects\Miscellaneous"
"Fruity Multiband Compressor.fst","Effects\Vendors\Image-Line;Effects\Dynamics\Compressors"
"Fruity Mute 2.fst","Effects\Utilities and Tools"
"Fruity NoteBook 2.fst","Effects\Utilities and Tools"
"Fruity NoteBook.fst","Effects\Utilities and Tools"
"Fruity PanOMatic.fst","Effects\Vendors\Image-Line;Effects\Utilities and Tools"
"Fruity Parametric EQ 2.fst","Effects\Vendors\Image-Line;Effects\EQ and Filters"
"Fruity Parametric EQ.fst","Effects\Vendors\Image-Line;Effects\EQ and Filters"
"Fruity Peak Controller.fst","Effects\Utilities and Tools"
"Fruity Phase Inverter.fst","Effects\Utilities and Tools"
"Fruity Phaser.fst","Effects\Modulation;Effects\Vendors\Image-Line"
"Fruity Reeverb 2.fst","Effects\Vendors\Image-Line;Effects\Spatial\Reverb"
"Fruity Reeverb.fst","Effects\Vendors\Image-Line;Effects\Spatial\Reverb"
"Fruity Scratcher.fst","Effects\Creative and Time"
"Fruity Send.fst","Effects\Utilities and Tools"
"Fruity Slicer 2.fst","Generators\Vendors\Image-Line;Generators\Samplers"
"Fruity Slicer.fst","Generators\Vendors\Image-Line;Generators\Samplers"
"Fruity Soft Clipper.fst","Effects\Vendors\Image-Line;Effects\Dynamics\Compressors"
"Fruity Spectroman.fst","Effects\Utilities and Tools"
"Fruity Squeeze.fst","Effects\Vendors\Image-Line;Effects\Distortion and Character"
"Fruity Stereo Enhancer.fst","Effects\Vendors\Image-Line;Effects\Utilities and Tools"
"Fruity Stereo Shaper.fst","Effects\Vendors\Image-Line;Effects\Utilities and Tools"
"Fruity Video Player.fst","Generators\Miscellaneous"
"Fruity Vocoder.fst","Effects\Creative and Time"
"Fruity Voltage Controller.fst","Generators\Utilities and Tools"
"Fruity WaveShaper.fst","Effects\Vendors\Image-Line;Effects\Distortion and Character"
"Fruity Wrapper.fst","Effects\Miscellaneous"
"Fruity X-Y Controller.fst","Effects\Utilities and Tools"
"Fruity X-Y-Z Controller.fst","Effects\Utilities and Tools"
"GMS.fst","Generators\Synths;Generators\Vendors\Image-Line"
"Gross Beat.fst","Effects\Vendors\Image-Line;Effects\Creative and Time"
"HalfTime.fst","Effects\Creative and Time"
"Hardcore.fst","Effects\Distortion and Character"
"Harmless.fst","Generators\Synths;Generators\Vendors\Image-Line"
"Harmor.fst","Generators\Synths;Generators\Vendors\Image-Line"
"Hyper Chorus.fst","Effects\Modulation;Effects\Vendors\Image-Line"
"JUPITER-8.fst","Generators\Synths;Generators\Vendors\Arturia"
"Kepler Exo.fst","Generators\Synths;Generators\Vendors\Image-Line"
"Kepler.fst","Generators\Synths;Generators\Vendors\Image-Line"
"kHs 3-Band EQ.fst","Effects\Vendors\Kilohearts;Effects\EQ and Filters"
"kHs Bitcrush.fst","Effects\Vendors\Kilohearts;Effects\Distortion and Character"
"kHs Channel Mixer.fst","Effects\Vendors\Kilohearts;Effects\Utilities and Tools"
"kHs Chorus.fst","Effects\Modulation;Effects\Vendors\Kilohearts"
"kHs Clipper.fst","Effects\Vendors\Kilohearts;Effects\Dynamics\Compressors"
"kHs Comb Filter.fst","Effects\Vendors\Kilohearts;Effects\EQ and Filters"
"kHs Compactor.fst","Effects\Vendors\Kilohearts;Effects\Dynamics\Compressors"
"kHs Compressor.fst","Effects\Vendors\Kilohearts;Effects\Dynamics\Compressors"
"kHs Delay.fst","Effects\Vendors\Kilohearts;Effects\Spatial\Delay"
"kHs Distortion.fst","Effects\Vendors\Kilohearts;Effects\Distortion and Character"
"kHs Dual Delay.fst","Effects\Vendors\Kilohearts;Effects\Spatial\Delay"
"kHs Dynamics.fst","Effects\Vendors\Kilohearts;Effects\Dynamics\Compressors"
"kHs Ensemble.fst","Effects\Modulation;Effects\Vendors\Kilohearts"
"kHs Filter.fst","Effects\Vendors\Kilohearts;Effects\EQ and Filters"
"kHs Flanger.fst","Effects\Modulation;Effects\Vendors\Kilohearts"
"kHs Formant Filter.fst","Effects\Vendors\Kilohearts;Effects\EQ and Filters"
"kHs Frequency Shifter.fst","Effects\Modulation;Effects\Vendors\Kilohearts"
"kHs Gain.fst","Effects\Vendors\Kilohearts;Effects\Utilities and Tools"
"kHs Gate.fst","Effects\Vendors\Kilohearts;Effects\Dynamics\Gates"
"kHs Haas.fst","Effects\Vendors\Kilohearts;Effects\Spatial\Reverb"
"kHs Ladder Filter.fst","Effects\Vendors\Kilohearts;Effects\EQ and Filters"
"kHs Limiter.fst","Effects\Vendors\Kilohearts;Effects\Dynamics\Limiters"
"kHs Nonlinear Filter.fst","Effects\Vendors\Kilohearts;Effects\EQ and Filters"
"kHs Phase Distortion.fst","Effects\Vendors\Kilohearts;Effects\Distortion and Character"
"kHs Phaser.fst","Effects\Modulation;Effects\Vendors\Kilohearts"
"kHs Pitch Shifter.fst","Effects\Vendors\Kilohearts;Effects\Creative and Time"
"kHs Resonator.fst","Effects\Vendors\Kilohearts;Effects\Miscellaneous"
"kHs Reverb.fst","Effects\Vendors\Kilohearts;Effects\Spatial\Reverb"
"kHs Reverser.fst","Effects\Vendors\Kilohearts;Effects\Creative and Time"
"kHs Ring Mod.fst","Effects\Modulation;Effects\Vendors\Kilohearts"
"kHs Shaper.fst","Effects\Vendors\Kilohearts;Effects\Distortion and Character"
"kHs Stereo.fst","Effects\Vendors\Kilohearts;Effects\Utilities and Tools"
"kHs Tape Stop.fst","Effects\Vendors\Kilohearts;Effects\Creative and Time"
"kHs Trance Gate.fst","Effects\Vendors\Kilohearts;Effects\Dynamics\Gates"
"kHs Transient Shaper.fst","Effects\Vendors\Kilohearts;Effects\Dynamics\Transient Shapers"
"LABS.fst","Generators\Vendors\Spitfire Audio;Generators\Samplers"
"LoudMax 64bit.fst","Effects\Dynamics\Limiters"
"Low Lifter.fst","Effects\Vendors\Image-Line;Effects\EQ and Filters"
"LuxeVerb.fst","Effects\Vendors\Image-Line;Effects\Spatial\Reverb"
"Maximus.fst","Effects\Vendors\Image-Line;Effects\Dynamics\Limiters"
"Micro.fst","Effects\Miscellaneous"
"MIDI Out.fst","Generators\Utilities and Tools"
"MiniSynth.fst","Generators\Synths;Generators\Vendors\Image-Line"
"Morphine.fst","Generators\Synths;Generators\Vendors\Image-Line"
"Multiband Delay.fst","Effects\Vendors\Image-Line;Effects\Spatial\Delay"
"Newtime.fst","Effects\Vendors\Image-Line;Effects\Creative and Time"
"Newtone.fst","Effects\Vendors\Image-Line;Effects\Creative and Time"
"Ogun.fst","Generators\Synths;Generators\Vendors\Image-Line"
"One.fst","Generators\Miscellaneous"
"Patcher.fst","Effects\Utilities and Tools;Generators\Utilities and Tools"
"Pitch Shifter.fst","Effects\Vendors\Image-Line;Effects\Creative and Time"
"Pitcher.fst","Effects\Vendors\Image-Line;Effects\Creative and Time"
"Plucked!.fst","Generators\Synths;Generators\Vendors\Image-Line"
"PoiZone.fst","Generators\Synths;Generators\Vendors\Image-Line"
"Pro-C 2.fst","Effects\Vendors\FabFilter;Effects\Dynamics\Compressors"
"Pro-DS.fst","Effects\Vendors\FabFilter;Effects\Dynamics\Compressors"
"Pro-G.fst","Effects\Vendors\FabFilter;Effects\Dynamics\Gates"
"Pro-L 2.fst","Effects\Vendors\FabFilter;Effects\Dynamics\Limiters"
"Pro-MB.fst","Effects\Vendors\FabFilter;Effects\Dynamics\Compressors"
"Pro-Q 4.fst","Effects\Vendors\FabFilter;Effects\EQ and Filters"
"Pro-R 2.fst","Effects\Vendors\FabFilter;Effects\Spatial\Reverb"
"Razer Chroma.fst","Effects\Miscellaneous"
"ReWired.fst","Generators\Miscellaneous"
"Sakura.fst","Generators\Synths;Generators\Vendors\Image-Line"
"Saturn 2.fst","Effects\Vendors\FabFilter;Effects\Distortion and Character"
"Sawer.fst","Generators\Synths;Generators\Vendors\Image-Line"
"Serum 2 FX.fst","Effects\Vendors\Xfer Records;Effects\Miscellaneous"
"Serum 2.fst","Generators\Synths;Generators\Vendors\Xfer Records"
"Simplon.fst","Effects\Vendors\FabFilter;Effects\EQ and Filters"
"SimSynth.fst","Generators\Synths;Generators\Vendors\Image-Line"
"Sky Blue EQ4.fst","Effects\EQ and Filters"
"Slicex.fst","Generators\Vendors\Image-Line;Generators\Samplers"
"Soundfont Player.fst","Generators\Vendors\Image-Line;Generators\Samplers"
"Soundgoodizer.fst","Effects\Vendors\Image-Line;Effects\Dynamics\Compressors"
"Spreader.fst","Effects\Vendors\Image-Line;Effects\Utilities and Tools"
"Sytrus.fst","Generators\Synths;Generators\Vendors\Image-Line"
"Timeless 3.fst","Effects\Vendors\FabFilter;Effects\Spatial\Delay"
"Toxic Biohazard.fst","Generators\Synths;Generators\Vendors\Image-Line"
"Transient Processor.fst","Effects\Vendors\Image-Line;Effects\Dynamics\Transient Shapers"
"Transistor Bass.fst","Generators\Synths;Generators\Vendors\Image-Line"
"Transporter.fst","Effects\Miscellaneous"
"Tuner.fst","Effects\Vendors\Image-Line;Effects\Utilities and Tools"
"Twin 3.fst","Generators\Synths;Generators\Vendors\FabFilter"
"ValhallaFreqEcho.fst","Effects\Vendors\Valhalla;Effects\Spatial\Delay"
"ValhallaSpaceModulator.fst","Effects\Modulation;Effects\Vendors\Valhalla"
"ValhallaSupermassive.fst","Effects\Vendors\Valhalla;Effects\Spatial\Reverb"
"VFX Color Mapper.fst","Effects\Utilities and Tools;Generators\Utilities and Tools"
"VFX Envelope.fst","Effects\Utilities and Tools;Generators\Utilities and Tools"
"VFX Key Mapper.fst","Effects\Utilities and Tools;Generators\Utilities and Tools"
"VFX Keyboard Splitter.fst","Effects\Utilities and Tools;Generators\Utilities and Tools"
"VFX Level Scaler.fst","Effects\Utilities and Tools;Generators\Utilities and Tools"
"VFX Script.fst","Effects\Utilities and Tools;Generators\Utilities and Tools"
"VFX Sequencer.fst","Effects\Utilities and Tools;Generators\Utilities and Tools"
"Vintage Chorus.fst","Effects\Modulation;Effects\Vendors\Image-Line"
"Vintage Phaser.fst","Effects\Modulation;Effects\Vendors\Image-Line"
"Vocodex.fst","Effects\Vendors\Image-Line;Effects\Creative and Time"
"Volcano 3.fst","Effects\Vendors\FabFilter;Effects\EQ and Filters"
"VoxengoRecorder.fst","Effects\Miscellaneous"
"Wave Candy.fst","Effects\Vendors\Image-Line;Effects\Utilities and Tools"
"Wave Traveller.fst","Generators\Vendors\Image-Line;Generators\Samplers"
"ZGameEditor Visualizer.fst","Effects\Miscellaneous"
